2026-07-23T21:43:18.593132,acai-benefits-antioxidant-superfood-guide,Acai Benefits,https://bsky.app/profile/healthygummies.bsky.social/post/3mrek3j66lr2y
2026-07-23T21:56:45.241499,are-gr-ns-gummies-fda-approved,Are Grüns Gummies FDA Approved?,https://bsky.app/profile/healthygummies.bsky.social/post/3mrektkhi7p2r
2026-07-23T21:58:15.435592,are-gr-ns-gummies-gluten-free,Are Grüns Gummies Gluten Free?,https://bsky.app/profile/healthygummies.bsky.social/post/3mrekwahvsb23
2026-07-23T21:59:45.626916,are-gr-ns-gummies-good-for-you,Are Grüns Gummies Good for You?,https://bsky.app/profile/healthygummies.bsky.social/post/3mrekywif2c2z
2026-07-23T22:01:15.855207,are-gr-ns-gummies-non-gmo,Are Grüns Gummies Non-GMO?,https://bsky.app/profile/healthygummies.bsky.social/post/3mrel3mjitc2a
2026-07-23T22:02:46.225932,are-gr-ns-gummies-organic,Are Grüns Gummies Organic?,https://bsky.app/profile/healthygummies.bsky.social/post/3mrel6cnc7c2z
2026-07-23T22:22:23.440663,acai-benefits-antioxidant-superfood-guide,Acai Benefits,https://bsky.app/profile/healthygummies.bsky.social/post/3mrembffur72y
2026-07-23T22:23:53.631771,are-gr-ns-gummies-fda-approved,Are Grüns Gummies FDA Approved?,https://bsky.app/profile/healthygummies.bsky.social/post/3mreme3gana2r
2026-07-23T22:25:23.944186,are-gr-ns-gummies-gluten-free,Are Grüns Gummies Gluten Free?,https://bsky.app/profile/healthygummies.bsky.social/post/3mremgrkmx72u
2026-07-23T22:26:54.129432,are-gr-ns-gummies-good-for-you,Are Grüns Gummies Good for You?,https://bsky.app/profile/healthygummies.bsky.social/post/3mremjhkvya2r
2026-07-24T03:23:57.256982,are-gr-ns-gummies-non-gmo,Are Grüns Gummies Non-GMO?,https://bsky.app/profile/healthygummies.bsky.social/post/3mrf54nbzef2u
2026-07-24T03:25:28.101425,are-gr-ns-gummies-organic,Are Grüns Gummies Organic?,https://bsky.app/profile/healthygummies.bsky.social/post/3mrf57dvgyj2i
2026-07-24T04:09:04.524166,are-gr-ns-gummies-safe,Are Grüns Gummies Safe?,https://bsky.app/profile/healthygummies.bsky.social/post/3mrf7nd6jxw24
2026-07-24T04:10:34.828136,are-gr-ns-gummies-vegan,Are Grüns Gummies Vegan?,https://bsky.app/profile/healthygummies.bsky.social/post/3mrf7pzb6hy2e
2026-07-24T04:12:05.152330,are-greens-supplements-safe,Are Greens Supplements Safe?,https://bsky.app/profile/healthygummies.bsky.social/post/3mrf7spfuy72v
2026-07-24T04:13:35.390555,are-influencer-promoted-supplements-worth-it,Are Influencer-Promoted Supplements Worth It?,https://bsky.app/profile/healthygummies.bsky.social/post/3mrf7vfhdh22u
2026-07-24T04:15:06.083798,ashwagandha-benefits-stress-and-adaptogen-guide,Ashwagandha Benefits,https://bsky.app/profile/healthygummies.bsky.social/post/3mrf7y3xojg24
