2026-06-13T05:31:05.541894,gr-ns-bulk-buying-guide-best-value-options,Grüns Bulk Buying Guide: Best Value Options — honest review,https://reddit.com/r/Grunsgummies/comments/1u4prbz/grüns_bulk_buying_guide_best_value_options_honest/
2026-06-13T05:32:06.163913,gr-ns-for-cataracts-vision-protection-nutrients,Grüns for Cataracts: Vision Protection Nutrients — honest review,https://reddit.com/r/Grunsgummies/comments/1u4ps47/grüns_for_cataracts_vision_protection_nutrients/
2026-06-13T05:33:06.682306,gr-ns-for-cavities-prevention-dental-health,Grüns for Cavities Prevention: Dental Health — honest review,https://reddit.com/r/Grunsgummies/comments/1u4psun/grüns_for_cavities_prevention_dental_health/
2026-06-13T05:34:07.118526,gr-ns-for-celiac-disease-gluten-free-greens,Grüns for Celiac Disease: Gluten Free Greens — honest review,https://reddit.com/r/Grunsgummies/comments/1u4ptle/grüns_for_celiac_disease_gluten_free_greens/
2026-06-13T05:35:07.584029,gr-ns-for-chronic-fatigue-energy-boost-guide,Grüns for Chronic Fatigue: Energy Boost Guide — honest review,https://reddit.com/r/Grunsgummies/comments/1u4puc5/grüns_for_chronic_fatigue_energy_boost_guide/
2026-06-13T05:36:08.135119,gr-ns-for-crohn-s-disease-nutritional-management,Grüns for Crohn's Disease: Nutritional Management — honest review,https://reddit.com/r/Grunsgummies/comments/1u4pv3j/grüns_for_crohns_disease_nutritional_management/
2026-06-13T05:37:08.666115,gr-ns-for-diabetic-neuropathy-nerve-health,Grüns for Diabetic Neuropathy: Nerve Health — honest review,https://reddit.com/r/Grunsgummies/comments/1u4pvuz/grüns_for_diabetic_neuropathy_nerve_health_honest/
2026-06-13T05:38:09.174721,gr-ns-for-diabetic-retinopathy-eye-complication-prevention,Grüns for Diabetic Retinopathy: Eye Complication Prevention — honest review,https://reddit.com/r/Grunsgummies/comments/1u4pwmy/grüns_for_diabetic_retinopathy_eye_complication/
2026-06-13T05:39:09.695607,gr-ns-for-erectile-dysfunction-natural-performance-support,Grüns for Erectile Dysfunction: Natural Performance Support — honest review,https://reddit.com/r/Grunsgummies/comments/1u4pxdu/grüns_for_erectile_dysfunction_natural/
2026-06-13T05:40:10.236344,gr-ns-for-fatty-liver-disease-nutrition-reversal,Grüns for Fatty Liver Disease: Nutrition Reversal — honest review,https://reddit.com/r/Grunsgummies/comments/1u4py31/grüns_for_fatty_liver_disease_nutrition_reversal/
2026-06-14T07:01:34.108903,gr-ns-for-fertility-trying-to-conceive-nutrition,Grüns for Fertility: Trying to Conceive Nutrition — honest review,https://reddit.com/r/Grunsgummies/comments/1u5lylx/grüns_for_fertility_trying_to_conceive_nutrition/
2026-06-14T07:06:08.894051,gr-ns-for-fibromyalgia-pain-management-through-nutrition,Grüns for Fibromyalgia: Pain Management Through Nutrition — honest review,https://reddit.com/r/Grunsgummies/comments/1u5m2hp/grüns_for_fibromyalgia_pain_management_through/
2026-06-14T07:26:29.788325,gr-ns-for-gallstones-bile-health-support,Grüns for Gallstones: Bile Health Support — honest review,https://reddit.com/r/Grunsgummies/comments/1u5mk02/grüns_for_gallstones_bile_health_support_honest/
2026-06-14T07:27:30.479795,gr-ns-for-glaucoma-eye-pressure-management,Grüns for Glaucoma: Eye Pressure Management — honest review,https://reddit.com/r/Grunsgummies/comments/1u5mkw1/grüns_for_glaucoma_eye_pressure_management_honest/
2026-06-14T07:28:32.623860,gr-ns-for-gout-uric-acid-management,Grüns for Gout: Uric Acid Management — honest review,https://reddit.com/r/Grunsgummies/comments/1u5mlr4/grüns_for_gout_uric_acid_management_honest_review/
2026-06-14T07:29:34.651778,gr-ns-for-gum-disease-oral-health-nutrients,Grüns for Gum Disease: Oral Health Nutrients — honest review,https://reddit.com/r/Grunsgummies/comments/1u5mmpl/grüns_for_gum_disease_oral_health_nutrients/
2026-06-14T07:30:37.187671,gr-ns-for-halitosis-bad-breath-elimination,Grüns for Halitosis: Bad Breath Elimination — honest review,https://reddit.com/r/Grunsgummies/comments/1u5mnmr/grüns_for_halitosis_bad_breath_elimination_honest/
2026-06-14T07:31:39.939668,gr-ns-for-hashimoto-s-thyroiditis-nutritional-support,Grüns for Hashimoto's Thyroiditis: Nutritional Support — honest review,https://reddit.com/r/Grunsgummies/comments/1u5mok4/grüns_for_hashimotos_thyroiditis_nutritional/
2026-06-14T07:32:46.765602,gr-ns-for-hay-fever-season-seasonal-allergy-relief,Grüns for Hay Fever Season: Seasonal Allergy Relief — honest review,https://reddit.com/r/Grunsgummies/comments/1u5mpir/grüns_for_hay_fever_season_seasonal_allergy/
2026-06-14T07:33:47.410605,gr-ns-for-histamine-intolerance-food-sensitivity,Grüns for Histamine Intolerance: Food Sensitivity — honest review,https://reddit.com/r/Grunsgummies/comments/1u5mqgd/grüns_for_histamine_intolerance_food_sensitivity/
2026-06-15T05:31:07.391890,gr-ns-corporate-wellness-programs-employee-health,Grüns Corporate Wellness Programs: Employee Health — honest review,https://reddit.com/r/Grunsgummies/comments/1u6f8sb/grüns_corporate_wellness_programs_employee_health/
2026-06-15T05:32:08.024687,gr-ns-for-hormonal-acne-nutrition-based-skin-care,Grüns for Hormonal Acne: Nutrition-Based Skin Care — honest review,https://reddit.com/r/Grunsgummies/comments/1u6f9js/grüns_for_hormonal_acne_nutritionbased_skin_care/
2026-06-15T05:33:08.591647,gr-ns-for-ibs-management-gut-healing-nutrients,Grüns for IBS Management: Gut Healing Nutrients — honest review,https://reddit.com/r/Grunsgummies/comments/1u6faf6/grüns_for_ibs_management_gut_healing_nutrients/
2026-06-15T05:34:09.157692,gr-ns-for-irregular-periods-hormonal-balance,Grüns for Irregular Periods: Hormonal Balance — honest review,https://reddit.com/r/Grunsgummies/comments/1u6fb8m/grüns_for_irregular_periods_hormonal_balance/
2026-06-15T05:35:09.684792,gr-ns-for-kidney-disease-nutritional-modifications,Grüns for Kidney Disease: Nutritional Modifications — honest review,https://reddit.com/r/Grunsgummies/comments/1u6fc4s/grüns_for_kidney_disease_nutritional/
2026-06-15T05:36:10.293352,gr-ns-for-leaky-gut-syndrome-healing-protocol,Grüns for Leaky Gut Syndrome: Healing Protocol — honest review,https://reddit.com/r/Grunsgummies/comments/1u6fcyk/grüns_for_leaky_gut_syndrome_healing_protocol/
2026-06-15T05:37:10.870845,gr-ns-for-liver-health-detoxification-support,Grüns for Liver Health: Detoxification Support — honest review,https://reddit.com/r/Grunsgummies/comments/1u6fdtg/grüns_for_liver_health_detoxification_support/
2026-06-15T05:38:11.425562,gr-ns-for-lupus-autoimmune-nutrition-support,Grüns for Lupus: Autoimmune Nutrition Support — honest review,https://reddit.com/r/Grunsgummies/comments/1u6fema/grüns_for_lupus_autoimmune_nutrition_support/
2026-06-15T05:39:11.872895,gr-ns-for-male-fertility-sperm-health-support,Grüns for Male Fertility: Sperm Health Support — honest review,https://reddit.com/r/Grunsgummies/comments/1u6ffg3/grüns_for_male_fertility_sperm_health_support/
2026-06-15T05:40:12.390417,gr-ns-for-menstrual-cramps-pms-symptom-relief,Grüns for Menstrual Cramps: PMS Symptom Relief — honest review,https://reddit.com/r/Grunsgummies/comments/1u6fgb7/grüns_for_menstrual_cramps_pms_symptom_relief/
2026-06-16T05:31:05.231122,gr-ns-for-gyms-and-fitness-studios-member-perks,Grüns for Gyms and Fitness Studios: Member Perks — honest review,https://reddit.com/r/Grunsgummies/comments/1u7c6ww/grüns_for_gyms_and_fitness_studios_member_perks/
2026-06-16T05:32:05.999062,gr-ns-for-ocd-nutrition-for-mental-health,Grüns for OCD: Nutrition for Mental Health — honest review,https://reddit.com/r/Grunsgummies/comments/1u7c7rf/grüns_for_ocd_nutrition_for_mental_health_honest/
2026-06-16T05:33:06.462189,gr-ns-for-osteoarthritis-joint-pain-relief,Grüns for Osteoarthritis: Joint Pain Relief — honest review,https://reddit.com/r/Grunsgummies/comments/1u7c8kn/grüns_for_osteoarthritis_joint_pain_relief_honest/
2026-06-16T05:34:06.959716,gr-ns-for-oxalate-sensitivity-kidney-stone-prevention,Grüns for Oxalate Sensitivity: Kidney Stone Prevention — honest review,https://reddit.com/r/Grunsgummies/comments/1u7c9dt/grüns_for_oxalate_sensitivity_kidney_stone/
2026-06-16T05:35:07.626137,gr-ns-for-pancreatitis-digestive-enzyme-support,Grüns for Pancreatitis: Digestive Enzyme Support — honest review,https://reddit.com/r/Grunsgummies/comments/1u7ca5q/grüns_for_pancreatitis_digestive_enzyme_support/
2026-06-16T05:36:08.076607,gr-ns-for-personal-trainers-client-recommendations,Grüns for Personal Trainers: Client Recommendations — honest review,https://reddit.com/r/Grunsgummies/comments/1u7cay9/grüns_for_personal_trainers_client/
2026-06-16T05:37:08.531708,gr-ns-for-postpartum-recovery-nutrition-after-pregnancy,Grüns for Postpartum Recovery: Nutrition After Pregnancy — honest review,https://reddit.com/r/Grunsgummies/comments/1u7cbq5/grüns_for_postpartum_recovery_nutrition_after/
2026-06-16T05:38:08.989268,gr-ns-for-prostate-health-male-wellness-guide,Grüns for Prostate Health: Male Wellness Guide — honest review,https://reddit.com/r/Grunsgummies/comments/1u7ccij/grüns_for_prostate_health_male_wellness_guide/
2026-06-16T05:39:09.468747,gr-ns-for-restless-leg-syndrome-night-time-comfort,Grüns for Restless Leg Syndrome: Night Time Comfort — honest review,https://reddit.com/r/Grunsgummies/comments/1u7cdau/grüns_for_restless_leg_syndrome_night_time/
2026-06-16T05:40:10.113267,gr-ns-for-rheumatoid-arthritis-anti-inflammatory-protocol,Grüns for Rheumatoid Arthritis: Anti-Inflammatory Protocol — honest review,https://reddit.com/r/Grunsgummies/comments/1u7ce45/grüns_for_rheumatoid_arthritis_antiinflammatory/
