2026-07-11T11:50:30.526632,acai-benefits-antioxidant-superfood-guide,Acai Benefits: Antioxidant Superfood Guide,https://grunsgummies.tumblr.com/post/821843072325419008
2026-07-11T13:11:59.206958,are-gr-ns-gummies-fda-approved,Are Grüns Gummies FDA Approved?,https://grunsgummies.tumblr.com/post/821848198451773440
2026-07-11T14:50:09.927756,are-gr-ns-gummies-gluten-free,Are Grüns Gummies Gluten Free?,https://grunsgummies.tumblr.com/post/821854375445151744
2026-07-11T15:53:17.374712,are-gr-ns-gummies-good-for-you,Are Grüns Gummies Good for You?,https://grunsgummies.tumblr.com/post/821858346905862144
2026-07-11T16:54:23.509728,are-gr-ns-gummies-non-gmo,Are Grüns Gummies Non-GMO?,https://grunsgummies.tumblr.com/post/821862191037874176
2026-07-11T17:53:09.221079,are-gr-ns-gummies-organic,Are Grüns Gummies Organic?,https://grunsgummies.tumblr.com/post/821865887985434624
2026-07-11T18:57:59.359402,are-gr-ns-gummies-safe,Are Grüns Gummies Safe?,https://grunsgummies.tumblr.com/post/821869967222915072
2026-07-11T20:07:26.224009,are-gr-ns-gummies-vegan,Are Grüns Gummies Vegan?,https://grunsgummies.tumblr.com/post/821874336397950976
2026-07-11T22:44:08.539837,are-greens-supplements-safe,Are Greens Supplements Safe?,https://grunsgummies.tumblr.com/post/821884195364306944
2026-07-11T23:52:23.069047,are-influencer-promoted-supplements-worth-it,Are Influencer-Promoted Supplements Worth It?,https://grunsgummies.tumblr.com/post/821888488627666944
2026-07-12T02:28:31.129438,ashwagandha-benefits-stress-and-adaptogen-guide,Ashwagandha Benefits: Stress and Adaptogen Guide,https://grunsgummies.tumblr.com/post/821898312081915904
2026-07-12T05:55:01.083520,beet-root-benefits-circulation-and-performance,Beet Root Benefits: Circulation and Performance,https://grunsgummies.tumblr.com/post/821911303667990528
2026-07-12T08:12:05.737613,benefits-of-taking-a-daily-greens-supplement,Benefits of Taking a Daily Greens Supplement,https://grunsgummies.tumblr.com/post/821919927702323200
2026-07-12T11:56:59.344703,best-foods-for-gut-health,Best Foods for Gut Health,https://grunsgummies.tumblr.com/post/821934077123936256
2026-07-12T13:23:40.190779,best-greens-supplements-ranked,Best Greens Supplements Ranked,https://grunsgummies.tumblr.com/post/821939530605166592
2026-07-12T14:53:32.552478,best-time-to-take-greens-supplements,Best Time to Take Greens Supplements,https://grunsgummies.tumblr.com/post/821945184409583616
2026-07-12T15:56:58.956421,bioavailability-why-how-you-take-supplements-matters,Bioavailability: Why How You Take Supplements Matters,https://grunsgummies.tumblr.com/post/821949176202067968
2026-07-12T17:00:09.116350,biohacking-your-nutrition-where-to-start,Biohacking Your Nutrition: Where to Start,https://grunsgummies.tumblr.com/post/821953150466621440
2026-07-12T18:03:43.603984,blueberry-benefits-brain-and-antioxidant-powerhouse,Blueberry Benefits: Brain and Antioxidant Powerhouse,https://grunsgummies.tumblr.com/post/821957150198874112
2026-07-12T20:05:02.003096,can-gr-ns-replace-a-multivitamin,Can Grüns Replace a Multivitamin?,https://grunsgummies.tumblr.com/post/821964782165950465
2026-07-12T21:45:49.398362,can-you-get-gr-ns-at-walmart-or-target,Can You Get Grüns at Walmart or Target?,https://grunsgummies.tumblr.com/post/821971123106398208
